{"cameraMode":{"drawMode":0,"name":"Shaded","section":"Shading Mode"},"sceneLighting":false,"audioPlay":false,"sceneViewState":{"showFog":true,"showMaterialUpdate":false,"showSkybox":false,"showFlares":true,"showImageEffects":true,"showParticleSystems":true},"in2DMode":false,"pivot":{"x":0.6406533718109131,"y":0.7945364713668823,"z":1.1190263032913209},"rotation":{"x":-0.17181427776813508,"y":0.15741921961307527,"z":-0.027638806030154229,"w":-0.9721102714538574},"size":3.115586996078491,"orthographic":false}