{"cameraMode":{"drawMode":0,"name":"Shaded","section":"Shading Mode"},"sceneLighting":false,"audioPlay":false,"sceneViewState":{"showFog":true,"showMaterialUpdate":false,"showSkybox":false,"showFlares":true,"showImageEffects":true,"showParticleSystems":true},"in2DMode":false,"pivot":{"x":850.0252075195313,"y":427.8585205078125,"z":1.873511791229248},"rotation":{"x":-0.42676064372062685,"y":0.3473512828350067,"z":-0.1818973869085312,"w":-0.814953088760376},"size":8.48768424987793,"orthographic":false}