{"cameraMode":{"drawMode":0,"name":"Shaded","section":"Shading Mode"},"sceneLighting":false,"audioPlay":false,"sceneViewState":{"showFog":true,"showMaterialUpdate":false,"showSkybox":false,"showFlares":true,"showImageEffects":true,"showParticleSystems":true},"in2DMode":false,"pivot":{"x":-0.29600000381469729,"y":1.1863754987716675,"z":-0.03194540739059448},"rotation":{"x":0.42075011134147646,"y":0.02250034734606743,"z":-0.01064868364483118,"w":0.9068655371665955},"size":21.010000228881837,"orthographic":false}